filename,width_x,height_x,class,xmin,ymin,xmax,ymax,width_y,height_y,classy,p_xmin,p_ymin,p_xmax,p_ymax,iou
images-1-_jpg.rf.4a571e1d2a968b34246713ff2e152202.jpg,640,640,bolt,0,4,640,640,576.0,608.0,nat,330,333,906,941,0.1442759842270628
ezgif-frame-018_jpg.rf.7588211c0e19387727c1e417b0938992.jpg,640,640,bolt,0,4,640,640,184.0,215.0,bolt,547,109,731,324,0.047442245188364686
ezgif-frame-009_jpg.rf.bdd0c47b88dce653007ddb6de506d95a.jpg,640,640,bolt,0,2,640,640,538.0,478.0,bolt,308,283,846,761,0.21731933805594952
ezgif-frame-005_jpg.rf.83ade44e323954b350468a00997d23cf.jpg,640,640,bolt,0,0,640,640,516.0,536.0,bolt,322,275,838,811,0.2042024919721
ezgif-frame-015_jpg.rf.9535770020a4983bae1106bd4d16a76a.jpg,640,640,bolt,0,0,640,640,156.0,359.0,bolt,561,180,717,539,0.06566332498101919
